{"Diffusion_Loss":0.10429815403998845,"_timestamp":1.7436034539874392e+09,"_runtime":40.964036726,"_step":11,"_wandb":{"runtime":42}}