{"_wandb":{"runtime":282},"eva_rmse_std":0,"Reg_train_Loss":242.23007202148438,"fd_dist":0.5710247974877773,"_runtime":248.84399824,"eva_acc":0,"eva_score_std":0,"dtw_dist":3.2102532991054966,"eva_acc_std":0,"_step":194,"_timestamp":1.7436037599581003e+09,"eva_score":2.6363547879562943,"Diffusion_Loss":0.09917371938862497,"Reg_test_Loss":13.253501504543193,"eva_rmse":13.20904921566718}